Feature Set,Mean accuracy,Mean precision,Mean recall,Mean f1,Mean roc_auc,Mean mcc,Mean log_loss,Mean cohen_kappa,Mean mae,Mean specificity,Mean training_time,Mean testing_time,Std Dev accuracy,Std Dev precision,Std Dev recall,Std Dev f1,Std Dev roc_auc,Std Dev mcc,Std Dev log_loss,Std Dev cohen_kappa,Std Dev mae,Std Dev specificity,Std Dev training_time,Std Dev testing_time,Selected Hyperparameters
MFCC,0.5600192132909891,0.4350279656513784,0.4089933888307632,0.41586573073954664,0.5308573465531848,0.06775523930543506,11.388823792936392,0.06636084182228197,0.4399807867090109,0.6572011421447387,1.5745447158813477,0.0022240161895751955,0.06614273380223674,0.08904399411800216,0.1254065926286996,0.09687505954363827,0.08118516054427542,0.13898458571783479,1.1664009611243735,0.1362342626136352,0.06614273380223674,0.09363328425994345,0.08104605435411742,0.00035262787794943244,"[{'criterion': 'entropy', 'max_depth': None, 'max_features': None, 'min_samples_leaf': 4, 'min_samples_split': 5}, {'criterion': 'entropy', 'max_depth': None, 'max_features': None, 'min_samples_leaf': 4, 'min_samples_split': 5}, {'criterion': 'gini', 'max_depth': 20, 'max_features': None, 'min_samples_leaf': 6, 'min_samples_split': 9}, {'criterion': 'gini', 'max_depth': None, 'max_features': None, 'min_samples_leaf': 1, 'min_samples_split': 8}, {'criterion': 'entropy', 'max_depth': None, 'max_features': 'log2', 'min_samples_leaf': 9, 'min_samples_split': 7}]"
Spectrogram,0.6100216340667354,0.5050534043071357,0.44185412212467207,0.4702128196064496,0.5880884495244562,0.1655447309879609,6.509938623559961,0.1639997647688456,0.3899783659332646,0.7183802859383484,0.5446973323822022,0.0020661354064941406,0.04458888381882343,0.06137260876332472,0.05780184696411903,0.05432708378072417,0.06419601790790591,0.09136690275522501,1.4397364923368445,0.09051816133294448,0.044588883818823435,0.05228893551209124,0.02109131557256427,0.000691101118578754,"[{'criterion': 'entropy', 'max_depth': 10, 'max_features': 'sqrt', 'min_samples_leaf': 2, 'min_samples_split': 13}, {'criterion': 'gini', 'max_depth': 10, 'max_features': None, 'min_samples_leaf': 6, 'min_samples_split': 10}, {'criterion': 'gini', 'max_depth': 30, 'max_features': None, 'min_samples_leaf': 8, 'min_samples_split': 15}, {'criterion': 'entropy', 'max_depth': 10, 'max_features': 'sqrt', 'min_samples_leaf': 2, 'min_samples_split': 13}, {'criterion': 'gini', 'max_depth': 10, 'max_features': None, 'min_samples_leaf': 7, 'min_samples_split': 10}]"
Spectral,0.5219128960872368,0.3831771603923503,0.3584553215363387,0.37021015601580853,0.4966957823219838,-0.014438192110215037,8.693342917577555,-0.01445541874525318,0.4780871039127631,0.6271164866984376,0.7646718502044678,0.002078676223754883,0.06114779525638583,0.07966591474156216,0.07554381810706906,0.07703364216941118,0.08334243734851013,0.12708107690933218,3.893242097338081,0.12696314782719453,0.06114779525638585,0.055764749894593936,0.05221161771895633,0.0006033671110916321,"[{'criterion': 'gini', 'max_depth': 30, 'max_features': 'sqrt', 'min_samples_leaf': 8, 'min_samples_split': 8}, {'criterion': 'gini', 'max_depth': 30, 'max_features': 'sqrt', 'min_samples_leaf': 8, 'min_samples_split': 8}, {'criterion': 'gini', 'max_depth': 30, 'max_features': 'sqrt', 'min_samples_leaf': 4, 'min_samples_split': 6}, {'criterion': 'gini', 'max_depth': 10, 'max_features': None, 'min_samples_leaf': 3, 'min_samples_split': 8}, {'criterion': 'gini', 'max_depth': 20, 'max_features': 'log2', 'min_samples_leaf': 3, 'min_samples_split': 8}]"
Voice_Quality,0.6436582241261725,0.5285447132406402,0.6374698251679328,0.5634159821944913,0.6427705744447776,0.28632986251258374,12.843859457658704,0.26854609698187126,0.3563417758738274,0.6480713237216222,0.4394215106964111,0.002027606964111328,0.09971377079791063,0.09177975629824618,0.2574113529679489,0.15728608445472886,0.12036425417341343,0.23344984574283725,3.5940485927617605,0.2187075889976628,0.0997137707979106,0.12063746354297535,0.028878833333636687,1.2512410557650027e-05,"[{'criterion': 'gini', 'max_depth': 30, 'max_features': None, 'min_samples_leaf': 8, 'min_samples_split': 15}, {'criterion': 'entropy', 'max_depth': 20, 'max_features': None, 'min_samples_leaf': 8, 'min_samples_split': 5}, {'criterion': 'entropy', 'max_depth': 20, 'max_features': None, 'min_samples_leaf': 8, 'min_samples_split': 5}, {'criterion': 'entropy', 'max_depth': 20, 'max_features': None, 'min_samples_leaf': 8, 'min_samples_split': 5}, {'criterion': 'gini', 'max_depth': 20, 'max_features': None, 'min_samples_leaf': 3, 'min_samples_split': 13}]"
All_Features,0.6749713554393038,0.5937395184354455,0.5810595687576765,0.5547358842844932,0.6756813206629401,0.33435328478819026,10.945012065170221,0.3080435858263663,0.32502864456069613,0.7364046570549556,1.45985107421875,0.0027728557586669924,0.08783368081731203,0.12079271318620007,0.2829033768132571,0.16053609177537592,0.11517889824119881,0.218046217069569,3.6522176343364166,0.2041920362199741,0.08783368081731202,0.13465889984754684,0.07246933981693181,0.0004261607995260273,"[{'criterion': 'entropy', 'max_depth': 20, 'max_features': None, 'min_samples_leaf': 8, 'min_samples_split': 5}, {'criterion': 'entropy', 'max_depth': 20, 'max_features': None, 'min_samples_leaf': 3, 'min_samples_split': 3}, {'criterion': 'entropy', 'max_depth': 20, 'max_features': None, 'min_samples_leaf': 8, 'min_samples_split': 5}, {'criterion': 'entropy', 'max_depth': 20, 'max_features': None, 'min_samples_leaf': 8, 'min_samples_split': 5}, {'criterion': 'gini', 'max_depth': 30, 'max_features': 'log2', 'min_samples_leaf': 3, 'min_samples_split': 2}]"
