Feature Set,Mean accuracy,Mean precision,Mean recall,Mean f1,Mean roc_auc,Mean mcc,Mean log_loss,Mean cohen_kappa,Mean mae,Mean specificity,Mean training_time,Mean testing_time,Std Dev accuracy,Std Dev precision,Std Dev recall,Std Dev f1,Std Dev roc_auc,Std Dev mcc,Std Dev log_loss,Std Dev cohen_kappa,Std Dev mae,Std Dev specificity,Std Dev training_time,Std Dev testing_time,Selected Hyperparameters
MFCC,0.5364267421531247,0.3431227106227106,0.14647822559856857,0.19517671950032245,0.4791638904416063,-0.06889015912998268,0.7349324099016827,-0.06914113897228398,0.46357325784687536,0.7879960185799602,69.22063112258911,0.0388033390045166,0.060212238054722166,0.1459323270543091,0.054371258971752254,0.06148181301265992,0.06578914377305946,0.1266786921194124,0.04872450699531346,0.10751833734879011,0.06021223805472219,0.11467941856254829,17.130095031132484,0.005523119498645268,"[{'bootstrap': True, 'max_depth': 10, 'max_features': 'sqrt', 'min_samples_leaf': 1, 'min_samples_split': 6, 'n_estimators': 191}, {'bootstrap': False, 'max_depth': 30, 'max_features': 'sqrt', 'min_samples_leaf': 4, 'min_samples_split': 10, 'n_estimators': 177}, {'bootstrap': True, 'max_depth': 10, 'max_features': 'log2', 'min_samples_leaf': 3, 'min_samples_split': 13, 'n_estimators': 104}, {'bootstrap': False, 'max_depth': 30, 'max_features': 'sqrt', 'min_samples_leaf': 3, 'min_samples_split': 6, 'n_estimators': 100}, {'bootstrap': False, 'max_depth': 30, 'max_features': 'log2', 'min_samples_leaf': 2, 'min_samples_split': 3, 'n_estimators': 103}]"
Spectrogram,0.6157437045083601,0.5114622846799743,0.41953649789989234,0.4522421750910959,0.6327315933634041,0.17059909474474216,0.7666480931179182,0.16581906185673273,0.38425629549163987,0.7432820574691842,44.16100807189942,0.038060903549194336,0.040430478081493526,0.05578003610010371,0.1279835895863163,0.0889548304918078,0.08297334394771551,0.09721354768482784,0.15224315518374829,0.09750958111786122,0.04043047808149355,0.06376714192282595,1.3288647645261775,0.006332381353300359,"[{'bootstrap': True, 'max_depth': None, 'max_features': 'log2', 'min_samples_leaf': 7, 'min_samples_split': 3, 'n_estimators': 94}, {'bootstrap': True, 'max_depth': 20, 'max_features': 'log2', 'min_samples_leaf': 1, 'min_samples_split': 7, 'n_estimators': 73}, {'bootstrap': False, 'max_depth': 30, 'max_features': 'log2', 'min_samples_leaf': 2, 'min_samples_split': 3, 'n_estimators': 103}, {'bootstrap': True, 'max_depth': 20, 'max_features': 'sqrt', 'min_samples_leaf': 3, 'min_samples_split': 8, 'n_estimators': 101}, {'bootstrap': True, 'max_depth': 20, 'max_features': 'log2', 'min_samples_leaf': 1, 'min_samples_split': 7, 'n_estimators': 73}]"
Spectral,0.5853260614772676,0.46665436112804537,0.338271353621738,0.3874545152830868,0.5515433856818908,0.09197223645408582,0.7616700509535302,0.08817579822275726,0.4146739385227324,0.7449381673402907,62.8237624168396,0.058201026916503903,0.06085200839258624,0.08821048366349277,0.08596258370585284,0.08505952161487489,0.11312819962255612,0.12414979868455099,0.11978760259074962,0.12298944047171229,0.060852008392586275,0.08590509942175217,4.056018703374293,0.025855455408618184,"[{'bootstrap': True, 'max_depth': 10, 'max_features': 'log2', 'min_samples_leaf': 9, 'min_samples_split': 6, 'n_estimators': 100}, {'bootstrap': True, 'max_depth': 30, 'max_features': 'log2', 'min_samples_leaf': 6, 'min_samples_split': 12, 'n_estimators': 193}, {'bootstrap': False, 'max_depth': 30, 'max_features': 'log2', 'min_samples_leaf': 6, 'min_samples_split': 11, 'n_estimators': 53}, {'bootstrap': False, 'max_depth': 30, 'max_features': 'sqrt', 'min_samples_leaf': 4, 'min_samples_split': 10, 'n_estimators': 177}, {'bootstrap': True, 'max_depth': 30, 'max_features': 'sqrt', 'min_samples_leaf': 8, 'min_samples_split': 15, 'n_estimators': 89}]"
Voice_Quality,0.6897869440553507,0.49483915167401415,0.6096931719965427,0.5355300362720552,0.6905008360796717,0.32508477197856295,0.7319602447973569,0.319567413981303,0.3102130559446493,0.7401881120427902,21.77368621826172,0.02287883758544922,0.15475222118333526,0.27263255145274917,0.41361533503040226,0.33296565065759276,0.2098500935439178,0.4221584431379071,0.31305187965413206,0.3920266270537423,0.15475222118333526,0.03991688355012496,6.702411265438329,0.009889873151473584,"[{'bootstrap': True, 'max_depth': 30, 'max_features': 'sqrt', 'min_samples_leaf': 9, 'min_samples_split': 5, 'n_estimators': 117}, {'bootstrap': True, 'max_depth': 20, 'max_features': 'log2', 'min_samples_leaf': 1, 'min_samples_split': 7, 'n_estimators': 73}, {'bootstrap': True, 'max_depth': None, 'max_features': 'log2', 'min_samples_leaf': 2, 'min_samples_split': 6, 'n_estimators': 178}, {'bootstrap': True, 'max_depth': 20, 'max_features': 'log2', 'min_samples_leaf': 1, 'min_samples_split': 7, 'n_estimators': 73}, {'bootstrap': True, 'max_depth': 30, 'max_features': 'sqrt', 'min_samples_leaf': 2, 'min_samples_split': 16, 'n_estimators': 102}]"
All_Features,0.6729143626190479,0.7140684757529815,0.42161310254893936,0.47904409481939647,0.7016735784595838,0.3190208999928247,0.6699303537308015,0.2688843618628525,0.32708563738095203,0.8356139027970482,49.28846416473389,0.023412370681762697,0.12893408645016777,0.28927323316609815,0.2571455569837971,0.20332305085400823,0.2476342341824551,0.2988506886166459,0.21204889257522846,0.2848540563085827,0.12893408645016777,0.16132811835267546,3.941408840483645,0.008098601819881545,"[{'bootstrap': False, 'max_depth': 30, 'max_features': 'sqrt', 'min_samples_leaf': 4, 'min_samples_split': 10, 'n_estimators': 177}, {'bootstrap': True, 'max_depth': 20, 'max_features': 'log2', 'min_samples_leaf': 1, 'min_samples_split': 5, 'n_estimators': 99}, {'bootstrap': True, 'max_depth': None, 'max_features': 'log2', 'min_samples_leaf': 1, 'min_samples_split': 17, 'n_estimators': 164}, {'bootstrap': True, 'max_depth': 20, 'max_features': 'sqrt', 'min_samples_leaf': 5, 'min_samples_split': 11, 'n_estimators': 90}, {'bootstrap': False, 'max_depth': 30, 'max_features': 'log2', 'min_samples_leaf': 2, 'min_samples_split': 3, 'n_estimators': 103}]"
