Feature Set,Mean accuracy,Mean precision,Mean recall,Mean f1,Mean roc_auc,Mean mcc,Mean log_loss,Mean cohen_kappa,Mean mae,Mean specificity,Mean training_time,Mean testing_time,Std Dev accuracy,Std Dev precision,Std Dev recall,Std Dev f1,Std Dev roc_auc,Std Dev mcc,Std Dev log_loss,Std Dev cohen_kappa,Std Dev mae,Std Dev specificity,Std Dev training_time,Std Dev testing_time,Selected Hyperparameters
MFCC,0.5626756792163279,0.4761096176938179,0.4527929618731852,0.46141346743512945,0.5381172258729723,0.09594580781342121,10.529095791302018,0.09573430710939754,0.43732432078367206,0.6432376378850465,1.8268349647521973,0.0025993824005126954,0.05469475245833658,0.08049985040509239,0.11153049867469922,0.09264346076447821,0.0730167883641132,0.12263401732168615,4.670595035289651,0.1212923441018114,0.05469475245833658,0.058545921636220744,0.052712512356235315,0.0004916549201525319,"[{'criterion': 'gini', 'max_depth': 10, 'max_features': None, 'min_samples_leaf': 6, 'min_samples_split': 10}, {'criterion': 'entropy', 'max_depth': 10, 'max_features': 'sqrt', 'min_samples_leaf': 2, 'min_samples_split': 13}, {'criterion': 'gini', 'max_depth': 20, 'max_features': None, 'min_samples_leaf': 1, 'min_samples_split': 7}, {'criterion': 'gini', 'max_depth': 30, 'max_features': 'sqrt', 'min_samples_leaf': 3, 'min_samples_split': 6}, {'criterion': 'gini', 'max_depth': None, 'max_features': 'log2', 'min_samples_leaf': 5, 'min_samples_split': 2}]"
Spectrogram,0.6378129122939533,0.5784234734800384,0.5566154244967058,0.563237978463412,0.6569913478280377,0.258548260890827,6.386614385759072,0.25569720038604504,0.36218708770604674,0.6982526018719731,0.6136096000671387,0.003446149826049805,0.013696075289277876,0.040548178126079436,0.057354764954600866,0.015517967184598637,0.01904873619182132,0.022132832132855575,2.391207655712337,0.018432347572243046,0.013696075289277906,0.06516695822566693,0.010743767128557541,0.0012420769258618524,"[{'criterion': 'gini', 'max_depth': 20, 'max_features': None, 'min_samples_leaf': 3, 'min_samples_split': 13}, {'criterion': 'entropy', 'max_depth': None, 'max_features': 'log2', 'min_samples_leaf': 9, 'min_samples_split': 7}, {'criterion': 'gini', 'max_depth': None, 'max_features': None, 'min_samples_leaf': 3, 'min_samples_split': 2}, {'criterion': 'entropy', 'max_depth': 20, 'max_features': 'log2', 'min_samples_leaf': 3, 'min_samples_split': 18}, {'criterion': 'entropy', 'max_depth': None, 'max_features': None, 'min_samples_leaf': 4, 'min_samples_split': 5}]"
Spectral,0.5627392834957343,0.4848606713762697,0.4391145077500255,0.4545847315280908,0.555296939841819,0.09564689952861101,7.5554932205702725,0.09277989699590075,0.43726071650426573,0.6522748445518198,0.806571102142334,0.003518819808959961,0.07083595602846665,0.08874372063701258,0.11474268188211027,0.09116498214545357,0.07667582070319541,0.14388292578252213,2.0001467697429383,0.14264739088606002,0.07083595602846667,0.09966943000797969,0.01576369185741657,0.0004237143166332626,"[{'criterion': 'gini', 'max_depth': 30, 'max_features': 'sqrt', 'min_samples_leaf': 8, 'min_samples_split': 8}, {'criterion': 'entropy', 'max_depth': None, 'max_features': 'sqrt', 'min_samples_leaf': 3, 'min_samples_split': 3}, {'criterion': 'entropy', 'max_depth': 10, 'max_features': 'sqrt', 'min_samples_leaf': 9, 'min_samples_split': 18}, {'criterion': 'gini', 'max_depth': 20, 'max_features': None, 'min_samples_leaf': 3, 'min_samples_split': 13}, {'criterion': 'gini', 'max_depth': 30, 'max_features': None, 'min_samples_leaf': 8, 'min_samples_split': 15}]"
Voice_Quality,0.7132985979128612,0.7946497909199521,0.5729915709247672,0.6318291034086535,0.7040014744206344,0.4418179880599589,9.39451306293156,0.4089923507569354,0.2867014020871388,0.8175306533845191,0.49436421394348146,0.0033050537109375,0.1439208938149943,0.2265170827851275,0.15725990523915143,0.14274838002343715,0.1399671298362759,0.27205873386143575,5.370791203282532,0.26513590155198863,0.1439208938149943,0.26213666420797865,0.020535394504198147,0.0010526529772908182,"[{'criterion': 'entropy', 'max_depth': 10, 'max_features': 'sqrt', 'min_samples_leaf': 2, 'min_samples_split': 13}, {'criterion': 'entropy', 'max_depth': 30, 'max_features': None, 'min_samples_leaf': 6, 'min_samples_split': 3}, {'criterion': 'entropy', 'max_depth': 10, 'max_features': 'sqrt', 'min_samples_leaf': 2, 'min_samples_split': 13}, {'criterion': 'entropy', 'max_depth': 20, 'max_features': None, 'min_samples_leaf': 8, 'min_samples_split': 5}, {'criterion': 'gini', 'max_depth': None, 'max_features': None, 'min_samples_leaf': 1, 'min_samples_split': 8}]"
All_Features,0.6794951169575145,0.6667979002624672,0.4441167007334115,0.49765352483099995,0.6649365088990699,0.354383333689292,10.473759838859792,0.3174442244212441,0.3205048830424856,0.8542748355832469,1.3745218753814696,0.003629112243652344,0.1438329784063464,0.3978288393574047,0.25836027334245776,0.27398598454491685,0.14929368335753798,0.304157859367641,6.26576618848166,0.2839225242977399,0.14383297840634643,0.2733084967553862,0.056607838523113366,0.0007901833645718382,"[{'criterion': 'entropy', 'max_depth': 30, 'max_features': None, 'min_samples_leaf': 6, 'min_samples_split': 3}, {'criterion': 'gini', 'max_depth': 20, 'max_features': 'sqrt', 'min_samples_leaf': 9, 'min_samples_split': 8}, {'criterion': 'entropy', 'max_depth': 30, 'max_features': None, 'min_samples_leaf': 6, 'min_samples_split': 3}, {'criterion': 'entropy', 'max_depth': 20, 'max_features': None, 'min_samples_leaf': 3, 'min_samples_split': 3}, {'criterion': 'gini', 'max_depth': 20, 'max_features': None, 'min_samples_leaf': 1, 'min_samples_split': 7}]"
