Feature Set,Mean accuracy,Mean precision,Mean recall,Mean f1,Mean roc_auc,Mean mcc,Mean log_loss,Mean cohen_kappa,Mean mae,Mean specificity,Mean training_time,Mean testing_time,Std Dev accuracy,Std Dev precision,Std Dev recall,Std Dev f1,Std Dev roc_auc,Std Dev mcc,Std Dev log_loss,Std Dev cohen_kappa,Std Dev mae,Std Dev specificity,Std Dev training_time,Std Dev testing_time,Selected Hyperparameters
MFCC,0.6272957319213714,0.5694113337459596,0.41170793522639937,0.476473090285544,0.6087335194987897,0.2068682791052133,0.6731656505719845,0.20219065402494998,0.3727042680786285,0.7841160926122693,45.90621814727783,0.01674370765686035,0.10557824558552094,0.17229711610125412,0.1532207453896326,0.16302460702011634,0.14920844807831354,0.2367563035046806,0.1005428560823105,0.2302843246260421,0.10557824558552095,0.07835287239556259,0.9450729122073934,0.00677961935637485,"[{'bootstrap': False, 'max_depth': 30, 'max_features': 'log2', 'min_samples_leaf': 6, 'min_samples_split': 11, 'n_estimators': 53}, {'bootstrap': False, 'max_depth': None, 'max_features': 'sqrt', 'min_samples_leaf': 2, 'min_samples_split': 13, 'n_estimators': 63}, {'bootstrap': False, 'max_depth': 30, 'max_features': 'log2', 'min_samples_leaf': 3, 'min_samples_split': 2, 'n_estimators': 150}, {'bootstrap': False, 'max_depth': 20, 'max_features': 'log2', 'min_samples_leaf': 5, 'min_samples_split': 3, 'n_estimators': 137}, {'bootstrap': True, 'max_depth': None, 'max_features': 'log2', 'min_samples_leaf': 1, 'min_samples_split': 17, 'n_estimators': 164}]"
Spectrogram,0.6838921958617574,0.6402723485889364,0.5876426316724094,0.6067936617524647,0.7446681987299387,0.35156359278216687,0.6115548251533212,0.3458311770060236,0.3161078041382427,0.7562579309053395,22.61351819038391,0.012847089767456054,0.025057456341780256,0.042728397247909757,0.10158628576936625,0.049727566945456284,0.0456258095888743,0.058750361126112934,0.03589598431855961,0.05849946812638388,0.025057456341780228,0.0628842026029617,0.2765993257235547,0.002299436178439516,"[{'bootstrap': True, 'max_depth': 20, 'max_features': 'log2', 'min_samples_leaf': 9, 'min_samples_split': 14, 'n_estimators': 52}, {'bootstrap': False, 'max_depth': None, 'max_features': 'sqrt', 'min_samples_leaf': 6, 'min_samples_split': 13, 'n_estimators': 93}, {'bootstrap': True, 'max_depth': 30, 'max_features': 'sqrt', 'min_samples_leaf': 2, 'min_samples_split': 16, 'n_estimators': 102}, {'bootstrap': True, 'max_depth': 10, 'max_features': 'log2', 'min_samples_leaf': 1, 'min_samples_split': 12, 'n_estimators': 91}, {'bootstrap': False, 'max_depth': 30, 'max_features': 'sqrt', 'min_samples_leaf': 3, 'min_samples_split': 6, 'n_estimators': 100}]"
Spectral,0.6484043099371808,0.614527279430262,0.48326134816486466,0.5363000837670275,0.6875738481350655,0.26802431372578095,0.6445494806238603,0.25983543669757825,0.35159569006281916,0.7690020993419464,30.034478282928468,0.020400047302246094,0.06528675850408387,0.11931783763559416,0.08250631712636958,0.08524916286774767,0.06430652223501107,0.14170173495314248,0.06330122190535316,0.13486123378625708,0.0652867585040839,0.09777535840554198,0.8766726695840735,0.00458764722126357,"[{'bootstrap': True, 'max_depth': 30, 'max_features': 'log2', 'min_samples_leaf': 4, 'min_samples_split': 4, 'n_estimators': 196}, {'bootstrap': True, 'max_depth': 10, 'max_features': 'sqrt', 'min_samples_leaf': 1, 'min_samples_split': 6, 'n_estimators': 191}, {'bootstrap': False, 'max_depth': 30, 'max_features': 'log2', 'min_samples_leaf': 3, 'min_samples_split': 2, 'n_estimators': 150}, {'bootstrap': True, 'max_depth': 20, 'max_features': 'log2', 'min_samples_leaf': 1, 'min_samples_split': 7, 'n_estimators': 73}, {'bootstrap': True, 'max_depth': 10, 'max_features': 'sqrt', 'min_samples_leaf': 1, 'min_samples_split': 6, 'n_estimators': 191}]"
Voice_Quality,0.8052363026286148,0.8416505063563887,0.726300539974749,0.748577161419959,0.7966572366270039,0.6203791836154393,0.8141507492857698,0.5970544079487147,0.1947636973713852,0.8650678716099277,15.732046699523925,0.018399572372436522,0.1504795903547462,0.19374928590652818,0.23241578372884716,0.19522275681935305,0.20927711287634398,0.2911763115522276,0.6964677685100392,0.30663559400703644,0.1504795903547462,0.17793521494979925,1.6321135736957078,0.004757759952798033,"[{'bootstrap': True, 'max_depth': 10, 'max_features': 'sqrt', 'min_samples_leaf': 1, 'min_samples_split': 6, 'n_estimators': 191}, {'bootstrap': False, 'max_depth': 30, 'max_features': 'log2', 'min_samples_leaf': 6, 'min_samples_split': 11, 'n_estimators': 53}, {'bootstrap': False, 'max_depth': None, 'max_features': 'log2', 'min_samples_leaf': 4, 'min_samples_split': 13, 'n_estimators': 88}, {'bootstrap': False, 'max_depth': 20, 'max_features': 'log2', 'min_samples_leaf': 5, 'min_samples_split': 3, 'n_estimators': 137}, {'bootstrap': False, 'max_depth': 20, 'max_features': 'log2', 'min_samples_leaf': 5, 'min_samples_split': 3, 'n_estimators': 137}]"
All_Features,0.7229897595917227,0.7368278415401702,0.5690588772575256,0.6201696675923486,0.7283473505801299,0.4327077909916849,0.6038114249468555,0.41476518806323526,0.2770102404082772,0.8366554095611021,49.29153561592102,0.02268352508544922,0.16439275721258617,0.21741594077936002,0.24011474590015042,0.22673698957512914,0.2011282474709981,0.3383523584482803,0.1701321983720149,0.34395956847972775,0.16439275721258614,0.16054517277921213,0.916506188284453,0.004624946447865559,"[{'bootstrap': True, 'max_depth': 30, 'max_features': 'log2', 'min_samples_leaf': 6, 'min_samples_split': 12, 'n_estimators': 193}, {'bootstrap': True, 'max_depth': 10, 'max_features': 'sqrt', 'min_samples_leaf': 4, 'min_samples_split': 9, 'n_estimators': 184}, {'bootstrap': True, 'max_depth': 20, 'max_features': 'log2', 'min_samples_leaf': 1, 'min_samples_split': 5, 'n_estimators': 99}, {'bootstrap': True, 'max_depth': None, 'max_features': 'log2', 'min_samples_leaf': 1, 'min_samples_split': 17, 'n_estimators': 164}, {'bootstrap': True, 'max_depth': 30, 'max_features': 'sqrt', 'min_samples_leaf': 2, 'min_samples_split': 16, 'n_estimators': 102}]"
