Feature Set,Mean accuracy,Mean precision,Mean recall,Mean f1,Mean roc_auc,Mean mcc,Mean log_loss,Mean cohen_kappa,Mean mae,Mean specificity,Mean training_time,Mean testing_time,Std Dev accuracy,Std Dev precision,Std Dev recall,Std Dev f1,Std Dev roc_auc,Std Dev mcc,Std Dev log_loss,Std Dev cohen_kappa,Std Dev mae,Std Dev specificity,Std Dev training_time,Std Dev testing_time,Selected Hyperparameters
MFCC,0.515151515,0.473383226,0.47012987,0.462662063,0.51820064,0.021818319,0.699637906,0.025447005,0.484848485,0.556521739,57.75964675,0.052069759,0.106384786,0.147905939,0.214267785,0.176133157,0.133214568,0.227268955,0.020270464,0.220536993,0.106384786,0.130144605,7.493884116,0.014997938,"[{'algorithm': 'SAMME.R', 'learning_rate': 0.5, 'n_estimators': 57}, {'algorithm': 'SAMME', 'learning_rate': 1.0, 'n_estimators': 131}, {'algorithm': 'SAMME', 'learning_rate': 1.0, 'n_estimators': 107}, {'algorithm': 'SAMME.R', 'learning_rate': 1.0, 'n_estimators': 63}, {'algorithm': 'SAMME', 'learning_rate': 0.5, 'n_estimators': 108}]"
Spectrogram,0.511212121,0.497360603,0.452813853,0.463438169,0.543393563,0.019842307,0.694854655,0.018477256,0.488787879,0.565217391,33.94293947,0.079052591,0.032035334,0.036538407,0.110660054,0.057330065,0.075621226,0.059660939,0.017828443,0.056731148,0.032035334,0.145506092,5.955911396,0.013139154,"[{'algorithm': 'SAMME', 'learning_rate': 1.0, 'n_estimators': 166}, {'algorithm': 'SAMME.R', 'learning_rate': 0.5, 'n_estimators': 57}, {'algorithm': 'SAMME', 'learning_rate': 0.1, 'n_estimators': 181}, {'algorithm': 'SAMME.R', 'learning_rate': 0.1, 'n_estimators': 100}, {'algorithm': 'SAMME', 'learning_rate': 0.5, 'n_estimators': 100}]"
Spectral,0.556363636,0.547686847,0.526839827,0.528857752,0.574280068,0.111908421,0.692601617,0.110344635,0.443636364,0.582608696,37.9015553,0.094042826,0.059793031,0.064238363,0.108567424,0.061257788,0.070773524,0.117117603,0.010600783,0.113483512,0.059793031,0.157004088,5.279830568,0.029707568,"[{'algorithm': 'SAMME', 'learning_rate': 0.5, 'n_estimators': 150}, {'algorithm': 'SAMME', 'learning_rate': 1.0, 'n_estimators': 166}, {'algorithm': 'SAMME', 'learning_rate': 0.5, 'n_estimators': 150}, {'algorithm': 'SAMME.R', 'learning_rate': 0.1, 'n_estimators': 153}, {'algorithm': 'SAMME.R', 'learning_rate': 0.01, 'n_estimators': 51}]"
Voice_Quality,0.547070707,0.533189237,0.574025974,0.540273229,0.461189535,0.093586228,0.710074412,0.096407308,0.452929293,0.52173913,34.32186131,0.078084803,0.095857149,0.090527501,0.161758853,0.109740616,0.159195065,0.197422996,0.033021634,0.18527322,0.095857149,0.20393112,6.33259673,0.02498732,"[{'algorithm': 'SAMME.R', 'learning_rate': 0.1, 'n_estimators': 100}, {'algorithm': 'SAMME.R', 'learning_rate': 1.0, 'n_estimators': 70}, {'algorithm': 'SAMME.R', 'learning_rate': 0.5, 'n_estimators': 188}, {'algorithm': 'SAMME.R', 'learning_rate': 1.0, 'n_estimators': 84}, {'algorithm': 'SAMME', 'learning_rate': 1.0, 'n_estimators': 142}]"
All_Features,0.506363636,0.479443223,0.487878788,0.471989545,0.473574252,0.011090582,0.700323761,0.009515944,0.493636364,0.52173913,57.19536829,0.101977921,0.10162319,0.126271098,0.196889285,0.145661972,0.137836045,0.214285224,0.014018654,0.204467246,0.10162319,0.162680756,2.204853844,0.038193103,"[{'algorithm': 'SAMME.R', 'learning_rate': 0.1, 'n_estimators': 153}, {'algorithm': 'SAMME.R', 'learning_rate': 1.0, 'n_estimators': 180}, {'algorithm': 'SAMME.R', 'learning_rate': 1.0, 'n_estimators': 63}, {'algorithm': 'SAMME.R', 'learning_rate': 0.5, 'n_estimators': 124}, {'algorithm': 'SAMME.R', 'learning_rate': 1.0, 'n_estimators': 87}]"
