Feature Set,Mean accuracy,Mean precision,Mean recall,Mean f1,Mean roc_auc,Mean mcc,Mean log_loss,Mean cohen_kappa,Mean mae,Mean specificity,Mean training_time,Mean testing_time,Std Dev accuracy,Std Dev precision,Std Dev recall,Std Dev f1,Std Dev roc_auc,Std Dev mcc,Std Dev log_loss,Std Dev cohen_kappa,Std Dev mae,Std Dev specificity,Std Dev training_time,Std Dev testing_time,Selected Hyperparameters
MFCC,0.5658585858585858,0.5501601225285435,0.5385281385281384,0.5369841269841269,0.5449934123847167,0.13445484348242104,9.944981476455194,0.12958639658039656,0.4341414141414141,0.5913043478260869,1.5535664081573486,0.005222511291503906,0.054025392043090745,0.0613677340214967,0.13237412885621744,0.07779332530060191,0.041646753727935984,0.11483548856327594,3.1718132273107824,0.1099589186316444,0.05402539204309074,0.09760845356801588,0.08822595429266494,0.00044384061598564496,"[{'criterion': 'entropy', 'max_depth': 30, 'max_features': 'sqrt', 'min_samples_leaf': 1, 'min_samples_split': 13}, {'criterion': 'gini', 'max_depth': 30, 'max_features': 'sqrt', 'min_samples_leaf': 8, 'min_samples_split': 8}, {'criterion': 'entropy', 'max_depth': 30, 'max_features': 'sqrt', 'min_samples_leaf': 2, 'min_samples_split': 10}, {'criterion': 'gini', 'max_depth': 30, 'max_features': 'sqrt', 'min_samples_leaf': 3, 'min_samples_split': 6}, {'criterion': 'gini', 'max_depth': 10, 'max_features': None, 'min_samples_leaf': 7, 'min_samples_split': 10}]"
Spectrogram,0.49757575757575756,0.47791950464396277,0.41515151515151516,0.4403397289209646,0.5028891398456616,-0.00958239498891229,6.577090903705518,-0.010789027644211014,0.5024242424242424,0.5739130434782609,0.917418098449707,0.00400090217590332,0.06273239621880816,0.08237207906309478,0.08720983097416042,0.06923605909834947,0.05596395499398897,0.12784520145452558,4.009661088184274,0.125171621155465,0.06273239621880815,0.11135868239013649,0.10011285181626137,1.39020726557858e-06,"[{'criterion': 'gini', 'max_depth': None, 'max_features': None, 'min_samples_leaf': 3, 'min_samples_split': 2}, {'criterion': 'entropy', 'max_depth': None, 'max_features': None, 'min_samples_leaf': 7, 'min_samples_split': 6}, {'criterion': 'gini', 'max_depth': 30, 'max_features': 'sqrt', 'min_samples_leaf': 8, 'min_samples_split': 8}, {'criterion': 'gini', 'max_depth': None, 'max_features': 'log2', 'min_samples_leaf': 7, 'min_samples_split': 10}, {'criterion': 'gini', 'max_depth': None, 'max_features': None, 'min_samples_leaf': 3, 'min_samples_split': 2}]"
Spectral,0.6155555555555556,0.6356818181818181,0.47229437229437227,0.5361774565262938,0.6274138904573686,0.23106799620148105,4.125562530984502,0.22230982420657455,0.3844444444444445,0.7478260869565216,1.0419034481048584,0.004600334167480469,0.06776671242977216,0.09720154574834587,0.11055839740221567,0.09936769481547757,0.09407700573751629,0.14124342155658548,2.595273533908036,0.13703747724880713,0.06776671242977216,0.10065945132861066,0.08421958781359058,0.000490407959582139,"[{'criterion': 'entropy', 'max_depth': 20, 'max_features': None, 'min_samples_leaf': 8, 'min_samples_split': 5}, {'criterion': 'gini', 'max_depth': 30, 'max_features': None, 'min_samples_leaf': 8, 'min_samples_split': 15}, {'criterion': 'entropy', 'max_depth': 20, 'max_features': 'log2', 'min_samples_leaf': 3, 'min_samples_split': 18}, {'criterion': 'gini', 'max_depth': 10, 'max_features': 'sqrt', 'min_samples_leaf': 4, 'min_samples_split': 19}, {'criterion': 'gini', 'max_depth': 10, 'max_features': None, 'min_samples_leaf': 7, 'min_samples_split': 10}]"
Voice_Quality,0.47555555555555556,0.4371560846560846,0.3991341991341991,0.40539253539253545,0.5069452286843591,-0.06205192878551439,11.149026208885346,-0.052423400101627535,0.5244444444444444,0.5478260869565217,0.5220354557037353,0.0032132625579833984,0.10618107636227504,0.14654843270636436,0.1836518543280559,0.15521657926171323,0.08768090033538874,0.22455306358444813,6.213204953354206,0.20822506544093938,0.10618107636227501,0.1956038587687303,0.06832587087000595,0.0009751535753691454,"[{'criterion': 'gini', 'max_depth': 20, 'max_features': None, 'min_samples_leaf': 1, 'min_samples_split': 7}, {'criterion': 'entropy', 'max_depth': 10, 'max_features': 'sqrt', 'min_samples_leaf': 9, 'min_samples_split': 18}, {'criterion': 'entropy', 'max_depth': 20, 'max_features': None, 'min_samples_leaf': 3, 'min_samples_split': 3}, {'criterion': 'entropy', 'max_depth': 10, 'max_features': 'log2', 'min_samples_leaf': 4, 'min_samples_split': 15}, {'criterion': 'entropy', 'max_depth': 30, 'max_features': None, 'min_samples_leaf': 6, 'min_samples_split': 3}]"
All_Features,0.5476767676767678,0.5274242424242424,0.5658008658008657,0.5451594504317137,0.5928006775832863,0.0964305613466182,8.209552242058518,0.09602130229201741,0.4523232323232323,0.5304347826086957,1.5779395580291748,0.00520014762878418,0.02538068488814454,0.02254675786392518,0.03748027847950366,0.02210211185606371,0.037516069784884254,0.0499958230357508,3.8933043395315643,0.04984594830073479,0.0253806848881445,0.05768043113661566,0.08954590725696844,0.00039982819884172934,"[{'criterion': 'gini', 'max_depth': None, 'max_features': 'sqrt', 'min_samples_leaf': 1, 'min_samples_split': 3}, {'criterion': 'entropy', 'max_depth': 30, 'max_features': 'log2', 'min_samples_leaf': 7, 'min_samples_split': 8}, {'criterion': 'gini', 'max_depth': 30, 'max_features': 'sqrt', 'min_samples_leaf': 3, 'min_samples_split': 6}, {'criterion': 'gini', 'max_depth': 20, 'max_features': 'log2', 'min_samples_leaf': 3, 'min_samples_split': 8}, {'criterion': 'entropy', 'max_depth': None, 'max_features': 'log2', 'min_samples_leaf': 9, 'min_samples_split': 7}]"
