Feature Set,Mean accuracy,Mean precision,Mean recall,Mean f1,Mean roc_auc,Mean mcc,Mean log_loss,Mean cohen_kappa,Mean mae,Mean specificity,Mean training_time,Mean testing_time,Std Dev accuracy,Std Dev precision,Std Dev recall,Std Dev f1,Std Dev roc_auc,Std Dev mcc,Std Dev log_loss,Std Dev cohen_kappa,Std Dev mae,Std Dev specificity,Std Dev training_time,Std Dev testing_time,Selected Hyperparameters
MFCC,0.5476767676767678,0.5535531135531135,0.4346320346320346,0.46858203101523027,0.5449840015057406,0.09855758230133115,0.704821474168454,0.08772045504359546,0.45232323232323235,0.6521739130434783,34.99072704315186,0.03883509635925293,0.04572155024850782,0.078137337545058,0.14720142523201846,0.07547083822388524,0.032433662915071174,0.09713973287468479,0.014313494136595233,0.08816553091791106,0.045721550248507783,0.1603399036050937,6.497676454799683,0.020182695702250574,"[{'bootstrap': True, 'max_depth': 20, 'max_features': 'log2', 'min_samples_leaf': 9, 'min_samples_split': 18, 'n_estimators': 51}, {'bootstrap': True, 'max_depth': 10, 'max_features': 'log2', 'min_samples_leaf': 9, 'min_samples_split': 6, 'n_estimators': 100}, {'bootstrap': True, 'max_depth': 10, 'max_features': 'sqrt', 'min_samples_leaf': 4, 'min_samples_split': 9, 'n_estimators': 184}, {'bootstrap': True, 'max_depth': 10, 'max_features': 'log2', 'min_samples_leaf': 7, 'min_samples_split': 13, 'n_estimators': 57}, {'bootstrap': False, 'max_depth': 30, 'max_features': 'log2', 'min_samples_leaf': 2, 'min_samples_split': 3, 'n_estimators': 103}]"
Spectrogram,0.5024242424242423,0.47905555555555546,0.4346320346320347,0.4512379720468699,0.5109354413702241,-6.060873696946273e-05,0.761124899939226,-0.00016462667776231398,0.49757575757575767,0.5652173913043479,25.578269529342652,0.024999141693115234,0.02891677681959948,0.035525855651244866,0.09470927563826477,0.057614858779954405,0.038948689203116074,0.05919235401686697,0.060920764356484136,0.05771325072956911,0.028916776819599498,0.08695652173913045,3.4475039199119104,0.013311884280829665,"[{'bootstrap': True, 'max_depth': 20, 'max_features': 'log2', 'min_samples_leaf': 1, 'min_samples_split': 5, 'n_estimators': 99}, {'bootstrap': False, 'max_depth': 20, 'max_features': 'sqrt', 'min_samples_leaf': 8, 'min_samples_split': 13, 'n_estimators': 82}, {'bootstrap': True, 'max_depth': 20, 'max_features': 'log2', 'min_samples_leaf': 9, 'min_samples_split': 14, 'n_estimators': 52}, {'bootstrap': True, 'max_depth': 20, 'max_features': 'sqrt', 'min_samples_leaf': 8, 'min_samples_split': 5, 'n_estimators': 153}, {'bootstrap': True, 'max_depth': 10, 'max_features': 'log2', 'min_samples_leaf': 7, 'min_samples_split': 13, 'n_estimators': 57}]"
Spectral,0.5199999999999999,0.507485380116959,0.4333333333333333,0.4634430082256169,0.5835309617918314,0.03465111268327849,0.7283973141408016,0.03400284740822954,0.4800000000000001,0.6,28.322382974624634,0.04800095558166504,0.062231240327726645,0.06746561377545175,0.06459361888690732,0.05410474300388216,0.04619956056685088,0.12232712373942137,0.06233197357851108,0.1204308156385547,0.062231240327726665,0.13014460475735448,3.868788303406477,0.018568089770295018,"[{'bootstrap': False, 'max_depth': None, 'max_features': 'log2', 'min_samples_leaf': 4, 'min_samples_split': 13, 'n_estimators': 88}, {'bootstrap': False, 'max_depth': None, 'max_features': 'sqrt', 'min_samples_leaf': 6, 'min_samples_split': 13, 'n_estimators': 93}, {'bootstrap': False, 'max_depth': 20, 'max_features': 'sqrt', 'min_samples_leaf': 3, 'min_samples_split': 18, 'n_estimators': 185}, {'bootstrap': True, 'max_depth': 30, 'max_features': 'log2', 'min_samples_leaf': 4, 'min_samples_split': 4, 'n_estimators': 196}, {'bootstrap': False, 'max_depth': 20, 'max_features': 'sqrt', 'min_samples_leaf': 8, 'min_samples_split': 6, 'n_estimators': 148}]"
Voice_Quality,0.5475757575757576,0.5435669722434429,0.5380952380952381,0.5323992641006104,0.5541690193864107,0.09158772752848132,0.7503832004438162,0.09594970999860848,0.45242424242424245,0.5565217391304348,27.572365760803223,0.0348668098449707,0.07689808169168084,0.06734946337623074,0.08984743935292004,0.045336637725983196,0.12407258871274453,0.1532430779123317,0.08725165451563309,0.1426673173497168,0.07689808169168087,0.19714407041312407,6.159518676199965,0.008978148025480985,"[{'bootstrap': True, 'max_depth': 30, 'max_features': 'log2', 'min_samples_leaf': 2, 'min_samples_split': 10, 'n_estimators': 139}, {'bootstrap': False, 'max_depth': 30, 'max_features': 'log2', 'min_samples_leaf': 6, 'min_samples_split': 10, 'n_estimators': 162}, {'bootstrap': True, 'max_depth': 20, 'max_features': 'log2', 'min_samples_leaf': 1, 'min_samples_split': 7, 'n_estimators': 73}, {'bootstrap': False, 'max_depth': None, 'max_features': 'sqrt', 'min_samples_leaf': 2, 'min_samples_split': 13, 'n_estimators': 63}, {'bootstrap': True, 'max_depth': 10, 'max_features': 'log2', 'min_samples_leaf': 5, 'min_samples_split': 13, 'n_estimators': 117}]"
All_Features,0.5292929292929294,0.5106270074012009,0.4805194805194805,0.48217860570801746,0.5635234330886505,0.05580593483217553,0.690346780835567,0.05453825441426683,0.4707070707070707,0.5739130434782608,35.28679790496826,0.029199838638305664,0.024200300102446337,0.032517897405054355,0.15514513746941377,0.08529234798404842,0.09056242914491983,0.048431816123351595,0.03552716672282119,0.04779873431456279,0.02420030010244635,0.15161387629706688,3.4561076975937914,0.009152160917628471,"[{'bootstrap': True, 'max_depth': 20, 'max_features': 'log2', 'min_samples_leaf': 9, 'min_samples_split': 18, 'n_estimators': 51}, {'bootstrap': True, 'max_depth': 10, 'max_features': 'log2', 'min_samples_leaf': 3, 'min_samples_split': 13, 'n_estimators': 104}, {'bootstrap': True, 'max_depth': 20, 'max_features': 'log2', 'min_samples_leaf': 1, 'min_samples_split': 7, 'n_estimators': 73}, {'bootstrap': False, 'max_depth': 30, 'max_features': 'log2', 'min_samples_leaf': 3, 'min_samples_split': 2, 'n_estimators': 150}, {'bootstrap': True, 'max_depth': 30, 'max_features': 'log2', 'min_samples_leaf': 5, 'min_samples_split': 6, 'n_estimators': 58}]"
